Kamogelo,Mnguni,mngunigiven59@gmail.com,Msweswe
Steven,Jonson,Steve01@gmail.com,Admin1
Stanley,Williams,Willy@gmail.com,123
Jones,Mayengane,Jonny@gmail.com,J0n3y
Peter,Maluleka,Petoza98@gmail.com,Up62
Shane,Wilson,wilson05@gmail.com,shane321
Modiegi,Lekala,lekalamodiegi1@gmail.com,Moddy
Caroline,Nkwoana,caronkwana223@gmail.com,Candy
Tumelo,Mashiane,Tumi100@gmail.com,Tza
Given,Kutumela,Kutumela121@gmail.com,SWAT37
Given,Dladla,Dladla67@gmail.com,Mgisto
Given,Mnguni,Given123@gmail.com,GiyaNca
Bongani,Sbiya,Sbeko00@gmail.com,Dzwamari
Tebogo,Makhosa,Tebza90@gmail.com,T3bza
Lethabo,Dube,Prince59@gmail.com,zwai
Bongani,Mahlangu,hlangu1000@gmail.com,Khoks
Tshepiso,Nkadimeng,Z1@gmail.com,D1
Mandla,Mgidi,Korry1@gmail.com,ABC123
Dineo,Magana,Magana190@gmail.com,YOU80
Xolile,Mthimunye,xoli09@gmail.com,Candy121
Scelo,Mtshweni,sceluthando500@gmail.com,Duga
Lindiwe,Kabini,lindo12@gmail.com,naledi987
Leon,Mtukudzi,tau356@gmail.com,Leon
Kagiso,Mavuso,vuso88@gmail.com,KG
Ruth,Mfuma,mfumaruth171@gmail.com,ruth6
Njabulo,Maluleka,maluleka090@gmail.com,Nm
Lindokuhle,Jiyane,ljiyane5000@gmail.com,LJ031
Sobukwe,Mkhwanazi,mkhwanazi01@gmail.com,kwe900
Nelson,Ali,nelsonli66@gmail.com,NELSONNN
Tony,Mwale,mwaletony22@gmail.com,toni
